<?xml version="1.0" encoding="UTF-8"?>
<!DOCTYPE suite SYSTEM "https://testng.org/testng-1.0.dtd">
<suite name="Suite" parallel="tests">
<listeners>
	<listener class-name="validations.listeners"></listener>
</listeners>
  <test thread-count="5" name="validating Test">
    <classes>
      <class name="validations.AssertValidation"/>
      
    </classes>
  </test> 
  <test  thread-count="5" name="validating homepage">
	<classes>
		<class name="validations.HomePage"/>
	</classes>
  </test>
</suite> <!-- Suite -->
