<?xml version="1.0" encoding="UTF-8"?>
<Configuration status="WARN">
<properties>
<property name="basePath">./logs</property>
</properties>		
  <Appenders>
	<RollingFile name="RollingFile" fileName="${basePath}/results.log" filePattern="logs/app-%d{MM-dd-yyyy}.log">
      <PatternLayout>
        <Pattern>%d{HH:mm:ss.SSS} [%t] %-5level %logger{36} - %msg%n</Pattern>
      </PatternLayout>
	  <SizeBasedTriggeringPolicy size="500"/>
    </RollingFile>
    <Console name="Console" target="SYSTEM_OUT">
      <PatternLayout pattern="%d{HH:mm:ss.SSS} [%t] %-5level %logger{36} - %msg%n"/>
    </Console>
  </Appenders>

  <Loggers>
	<Logger name="alpha.Demo" level="error" additivity="false">
    <AppenderRef ref="RollingFile"/>
	</Logger>

	<Root level="trace">
      <AppenderRef ref="Console"/>
    </Root>
  </Loggers>
</Configuration>