<?xml version="1.0" encoding="UTF-8"?>
<!DOCTYPE generatorConfiguration PUBLIC "-//mybatis.org//DTD MyBatis Generator Configuration 1.0//EN"
        "http://mybatis.org/dtd/mybatis-generator-config_1_0.dtd">
<generatorConfiguration>

    <!-- !!!! Driver Class Path !!!! -->
    <context id="context" targetRuntime="MyBatis3">
        <plugin type="org.mybatis.generator.plugins.RowBoundsPlugin"></plugin>
        <plugin type="org.mybatis.generator.plugins.SerializablePlugin"></plugin>
        <commentGenerator>
            <property name="suppressAllComments" value="true"/>
            <property name="suppressDate" value="true"/>
        </commentGenerator>
        <!-- !!!! Database Configurations !!!! -->
        <jdbcConnection driverClass="org.h2.Driver"
                        connectionURL="jdbc:h2:mem:prj2;MODE=MYSQL;DB_CLOSE_DELAY=-1;DATABASE_TO_UPPER=FALSE"
                        userId="sa"
                        password="sa"/>
        <javaTypeResolver>
            <property name="forceBigDecimals" value="false" />
        </javaTypeResolver>
        <!-- !!!! Model Configurations !!!! -->
        <javaModelGenerator targetPackage="com.psl.prj2.entity"
                            targetProject="src/main/java">
            <property name="enableSubPackages" value="false" />
            <property name="trimStrings" value="true" />
        </javaModelGenerator>
        <!-- !!!! Mapper XML Configurations !!!! -->
        <sqlMapGenerator targetPackage="mappers"
                         targetProject="src/main/resources">
            <property name="enableSubPackages" value="false" />
        </sqlMapGenerator>
        <!-- !!!! Mapper Interface Configurations !!!! when type in
        XMLMAPPER：生成xml文件
        ANNOTATEDMAPPER: 生成注解，忽略xml文件
        -->
        <javaClientGenerator targetPackage="com.psl.prj2.mapper"
                             targetProject="src/main/java" type="ANNOTATEDMAPPER">
            <property name="enableSubPackages" value="false" />
        </javaClientGenerator>
        <!-- !!!! Table Configurations !!!! -->
        <table tableName="t_user"
               enableCountByExample="false" enableUpdateByExample="false" enableDeleteByExample="false"
               enableSelectByExample="false" selectByExampleQueryId="false" >
        </table>
        <table tableName="t_user_login"/>
    </context>
</generatorConfiguration>
