<?xml version="1.0" encoding="UTF-8"?>
<!DOCTYPE suite SYSTEM "https://testng.org/testng-1.0.dtd">
<suite name="Training" parallel="tests" thread-count="5">

<listeners><listener class-name="testNg.listeners"></listener></listeners> 
 
<test name="Basics Training">
<parameter name="prasanth1url" value="prasanthkovvela1.com"/>
<parameter name="prasanth1pass" value="8096149628"/>
    <classes>
		<class name="testNg.basic1">
			<methods>
				<include name="subject"></include>
			</methods>
		</class> 	
	</classes>
</test>

<test name="Basics@ Training">
<parameter name="prasanth2url" value="prasanthkovvela11.com"/>
<parameter name="prasanth2pass" value="prasanth.K"/>
    <classes>
		<class name="testNg.basic3">
			<methods>
				<exclude name="mobile"></exclude>
			</methods>
		</class>
		<class name="testNg.basic2"/>
		<class name="testNg.basic4"/>
    </classes>
  </test>
</suite> 

