<?xml version="1.0" encoding="UTF-8"?>
<!DOCTYPE suite SYSTEM "https://testng.org/testng-1.0.dtd">
<suite name="Suite">
<listeners><listener class-name="testNg.listeners"></listener></listeners>

<parameter name="prasanth1url" value="prasanthkovvela1.com"/>
<parameter name="prasanth1pass" value="8096149628"/>
<parameter name="prasanth2url" value="prasanthkovvela11.com"/>
<parameter name="prasanth2pass" value="prasanth.K"/>	

<test thread-count="5" name="TestNg_Training">	
    <classes>
      <class name="testNg.basic1"><methods><include name="subject"></include></methods></class><!--include means remove all the methods except subject-->
	  <class name="testNg.basic2"></class>
      <class name="testNg.basic3"><methods><exclude name="mobile"></exclude></methods></class><!--exclude means we get all the methods except mobile-->
      <class name="testNg.basic4"></class>
	</classes>
  </test> 
</suite> 
