<?xml version="1.0" encoding="UTF-8"?>
<!DOCTYPE suite SYSTEM "https://testng.org/testng-1.0.dtd">
<suite name="Suite">

<parameter name="url" value="https://in.search.yahoo.com/?fr2=inr"/>
<parameter name="username" value="prasanthkovvela1@yahoo.com"/>
<parameter name="pass" value="8096149628.K"/>
<parameter name="toMail" value="prasanthkovvela1@gmail.com"/>
<parameter name="Subject" value="Selenium Training"/>
<parameter name="Message" value="Hello, this is the sample message for learning purpose. "/>

<test thread-count="5" name="Test">
    <classes>
      <class name="day8.YahooMail"/>
    </classes>
  </test> 
</suite>

